id,first_name,last_name,email
1,Spencer,Reid,spencerreid@gmail.com
2,Jason,Gideon,jasongideon@gmail.com
3,Derek,Morgan,derekmorgan@outlook.com
4,Elle,Greenway,ellegreenway@yahoo.fr
5,Penelope,Garcia,penelopegarcia@gmail.com
